"",Diagnosis,Gender,Treatment,Age
men_Pt004_RPLCneg,COVID,Male,non_Treated,62
men_Pt007_RPLCneg,COVID,Male,non_Treated,44
men_Pt008_RPLCneg,COVID,Male,Treated,54
men_Pt010_RPLCneg,COVID,Male,non_Treated,62
men_Pt013_RPLCneg,COVID,Male,Treated,82
men_Pt020_RPLCneg,COVID,Male,Treated,65
men_Pt025_RPLCneg,COVID,Male,Treated,62
men_Pt027_RPLCneg,COVID,Male,non_Treated,70
men_Pt047_RPLCneg,COVID,Male,Treated,82
men_Pt060_RPLCneg,COVID,Male,Treated,90
men_Pt063_RPLCneg,COVID,Male,Treated,85
men_Pt068_RPLCneg,COVID,Male,Treated,24
men_Pt074_RPLCneg,COVID,Male,Treated,35
men_Pt089_RPLCneg,COVID,Male,Treated,52
men_Pt095_RPLCneg,COVID,Male,Treated,42
men_Pt110_RPLCneg,COVID,Male,non_Treated,89
men_Pt116_RPLCneg,COVID,Male,Treated,53
woman_Pt003_RPLCneg,COVID,Female,Treated,49
woman_Pt005_RPLCneg,COVID,Female,Treated,42
woman_Pt019_RPLCneg,COVID,Female,Treated,56
woman_Pt022_RPLCneg,COVID,Female,Treated,56
woman_Pt032_RPLCneg,COVID,Female,Treated,69
woman_Pt036_RPLCneg,COVID,Female,Treated,73
woman_Pt038_RPLCneg,COVID,Female,Treated,41
woman_Pt044_RPLCneg,COVID,Female,non_Treated,26
woman_Pt055_RPLCneg,COVID,Female,Treated,61
woman_Pt058_RPLCneg,COVID,Female,Treated,62
woman_Pt070_RPLCneg,COVID,Female,Treated,53
woman_Pt085_RPLCneg,COVID,Female,non_Treated,85
woman_Pt086_RPLCneg,COVID,Female,Treated,90
woman_Pt087_RPLCneg,COVID,Female,Treated,60
woman_Pt092_RPLCneg,COVID,Female,Treated,78
woman_Pt105_RPLCneg,COVID,Female,Treated,86
woman_Pt113_RPLCneg,COVID,Female,Treated,73
woman_Pt119_RPLCneg,COVID,Female,Treated,84
woman_Pt122_RPLCneg,COVID,Female,Treated,34
woman_Pt123_RPLCneg,COVID,Female,Treated,52
woman_Pt164_RPLCneg,COVID,Female,non_Treated,70
woman_Pt170_RPLCneg,COVID,Female,Treated,55
men_HCW011_RPLCneg,HC,Male,non_Treated,24
men_HCW012_RPLCneg,HC,Male,non_Treated,24
men_HCW036_RPLCneg,HC,Male,non_Treated,29
men_HCW059_RPLCneg,HC,Male,non_Treated,43
men_HCW067_RPLCneg,HC,Male,non_Treated,31
men_HCW237_RPLCneg,HC,Male,non_Treated,57
men_HCW282_RPLCneg,HC,Male,non_Treated,57
men_HCW564_RPLCneg,HC,Male,non_Treated,60
men_HCW574_RPLCneg,HC,Male,non_Treated,62
men_HCW578_RPLCneg,HC,Male,non_Treated,55
woman_HCW002_RPLCneg,HC,Female,non_Treated,38
woman_HCW008_RPLCneg,HC,Female,non_Treated,42
woman_HCW019_RPLCneg,HC,Female,non_Treated,40
woman_HCW035_RPLCneg,HC,Female,non_Treated,56
woman_HCW045_RPLCneg,HC,Female,non_Treated,42
woman_HCW080_RPLCneg,HC,Female,non_Treated,54
woman_HCW099_RPLCneg,HC,Female,non_Treated,27
woman_HCW103_RPLCneg,HC,Female,non_Treated,52
woman_HCW105_RPLCneg,HC,Female,non_Treated,55
woman_HCW114_RPLCneg,HC,Female,non_Treated,51
